{"cameraMode":{"drawMode":0,"name":"Shaded","section":"Shading Mode"},"sceneLighting":false,"audioPlay":false,"sceneViewState":{"showFog":false,"showMaterialUpdate":false,"showSkybox":false,"showFlares":false,"showImageEffects":false,"showParticleSystems":true},"in2DMode":false,"pivot":{"x":0.14479196071624757,"y":0.024202167987823488,"z":0.01320803165435791},"rotation":{"x":-0.26552966237068179,"y":0.09182099252939224,"z":-0.025385087355971338,"w":-0.9594218730926514},"size":4.168581962585449,"orthographic":true}