{"cameraMode":{"drawMode":0,"name":"Shaded","section":"Shading Mode"},"sceneLighting":false,"audioPlay":false,"sceneViewState":{"showFog":false,"showMaterialUpdate":false,"showSkybox":false,"showFlares":false,"showImageEffects":false,"showParticleSystems":true},"in2DMode":false,"pivot":{"x":0.0,"y":0.1329999715089798,"z":0.11665797233581543},"rotation":{"x":-0.06324645131826401,"y":0.8571788668632507,"z":-0.5013675093650818,"w":-0.1040235161781311},"size":3.1451735496520998,"orthographic":false}