{"cameraMode":{"drawMode":0,"name":"Shaded","section":"Shading Mode"},"sceneLighting":false,"audioPlay":false,"sceneViewState":{"showFog":false,"showMaterialUpdate":false,"showSkybox":false,"showFlares":false,"showImageEffects":false,"showParticleSystems":true},"in2DMode":false,"pivot":{"x":-0.042949676513671878,"y":0.169189453125,"z":0.098846435546875},"rotation":{"x":-0.6373984813690186,"y":0.034019313752651218,"z":-0.023004118353128434,"w":-0.7701539397239685},"size":4.4992451667785648,"orthographic":true}