{"cameraMode":{"drawMode":0,"name":"Shaded","section":"Shading Mode"},"sceneLighting":false,"audioPlay":false,"sceneViewState":{"showFog":false,"showMaterialUpdate":false,"showSkybox":false,"showFlares":false,"showImageEffects":false,"showParticleSystems":true},"in2DMode":false,"pivot":{"x":-0.492249995470047,"y":0.30674999952316286,"z":3.3682174682617189},"rotation":{"x":0.09399471431970597,"y":-0.9025778770446777,"z":0.2527075409889221,"w":0.335644394159317},"size":9.550345420837403,"orthographic":true}