{"cameraMode":{"drawMode":0,"name":"Shaded","section":"Shading Mode"},"sceneLighting":false,"audioPlay":false,"sceneViewState":{"showFog":false,"showMaterialUpdate":false,"showSkybox":false,"showFlares":false,"showImageEffects":false,"showParticleSystems":true},"in2DMode":false,"pivot":{"x":-0.4395751953125,"y":0.26849365234375,"z":0.121246337890625},"rotation":{"x":0.12462776899337769,"y":0.7353084087371826,"z":-0.14060907065868379,"w":0.6512598991394043},"size":1.1299309730529786,"orthographic":true}