{"cameraMode":{"drawMode":0,"name":"Shaded","section":"Shading Mode"},"sceneLighting":false,"audioPlay":false,"sceneViewState":{"showFog":false,"showMaterialUpdate":false,"showSkybox":false,"showFlares":false,"showImageEffects":false,"showParticleSystems":true},"in2DMode":false,"pivot":{"x":0.0,"y":1.9999998807907105,"z":0.09000015258789063},"rotation":{"x":0.044624462723731998,"y":-0.955014705657959,"z":0.19309039413928986,"w":0.22061830759048463},"size":14.377199172973633,"orthographic":true}