{"cameraMode":{"drawMode":0,"name":"Shaded","section":"Shading Mode"},"sceneLighting":false,"audioPlay":false,"sceneViewState":{"showFog":false,"showMaterialUpdate":false,"showSkybox":false,"showFlares":false,"showImageEffects":false,"showParticleSystems":true},"in2DMode":false,"pivot":{"x":-1.4528141021728516,"y":-1.3750858306884766,"z":8.41472053527832},"rotation":{"x":-0.36933714151382449,"y":-0.4861646890640259,"z":0.2522827982902527,"w":-0.751900851726532},"size":6.703711986541748,"orthographic":false}