{"cameraMode":{"drawMode":0,"name":"Shaded","section":"Shading Mode"},"sceneLighting":false,"audioPlay":false,"sceneViewState":{"showFog":false,"showMaterialUpdate":false,"showSkybox":false,"showFlares":false,"showImageEffects":false,"showParticleSystems":true},"in2DMode":false,"pivot":{"x":-3.89013671875,"y":1.55743408203125,"z":-7.9434814453125},"rotation":{"x":-0.16078373789787293,"y":-0.6888383030891419,"z":0.16098931431770326,"w":-0.6885384917259216},"size":1.0322123765945435,"orthographic":true}