{"cameraMode":{"drawMode":0,"name":"Shaded","section":"Shading Mode"},"sceneLighting":false,"audioPlay":false,"sceneViewState":{"showFog":false,"showMaterialUpdate":false,"showSkybox":false,"showFlares":false,"showImageEffects":false,"showParticleSystems":true},"in2DMode":false,"pivot":{"x":-4.689597129821777,"y":1.5,"z":13.67897891998291},"rotation":{"x":0.16272342205047608,"y":0.030143050476908685,"z":-0.004938247613608837,"w":0.9863712191581726},"size":2.432865858078003,"orthographic":true}