{"cameraMode":{"drawMode":0,"name":"Shaded","section":"Shading Mode"},"sceneLighting":true,"audioPlay":false,"sceneViewState":{"showFog":false,"showMaterialUpdate":false,"showSkybox":false,"showFlares":false,"showImageEffects":false,"showParticleSystems":true},"in2DMode":false,"pivot":{"x":-0.2549181282520294,"y":2.2921555042266847,"z":-0.4959259629249573},"rotation":{"x":0.08457111567258835,"y":-0.8376842737197876,"z":0.13561226427555085,"w":0.5223646759986877},"size":8.292237281799317,"orthographic":true}