{"cameraMode":{"drawMode":0,"name":"Shaded","section":"Shading Mode"},"sceneLighting":false,"audioPlay":false,"sceneViewState":{"showFog":false,"showMaterialUpdate":false,"showSkybox":false,"showFlares":false,"showImageEffects":false,"showParticleSystems":true},"in2DMode":false,"pivot":{"x":0.0,"y":0.8610000610351563,"z":0.11665797233581543},"rotation":{"x":0.08413521945476532,"y":0.6576006412506104,"z":-0.0743497759103775,"w":0.7451467514038086},"size":3.0961527824401857,"orthographic":true}