{"cameraMode":{"drawMode":0,"name":"Shaded","section":"Shading Mode"},"sceneLighting":false,"audioPlay":false,"sceneViewState":{"showFog":false,"showMaterialUpdate":false,"showSkybox":false,"showFlares":false,"showImageEffects":false,"showParticleSystems":true},"in2DMode":false,"pivot":{"x":9.968117713928223,"y":-2.842494010925293,"z":6.413620948791504},"rotation":{"x":0.18226270377635957,"y":0.6239519715309143,"z":-0.16599953174591065,"w":0.7427583336830139},"size":18.054872512817384,"orthographic":false}