{"cameraMode":{"drawMode":0,"name":"Shaded","section":"Shading Mode"},"sceneLighting":false,"audioPlay":false,"sceneViewState":{"showFog":false,"showMaterialUpdate":false,"showSkybox":false,"showFlares":false,"showImageEffects":false,"showParticleSystems":true},"in2DMode":false,"pivot":{"x":2.384185791015625e-7,"y":0.94549959897995,"z":0.3584824800491333},"rotation":{"x":-0.04742036759853363,"y":0.927425742149353,"z":-0.1259956806898117,"w":-0.3496395945549011},"size":6.718581676483154,"orthographic":true}