{"cameraMode":{"drawMode":0,"name":"Shaded","section":"Shading Mode"},"sceneLighting":false,"audioPlay":false,"sceneViewState":{"showFog":false,"showMaterialUpdate":false,"showSkybox":false,"showFlares":false,"showImageEffects":false,"showParticleSystems":true},"in2DMode":false,"pivot":{"x":13.903188705444336,"y":-9.28657341003418,"z":0.18637418746948243},"rotation":{"x":-0.21775247156620027,"y":-0.69781494140625,"z":0.23733046650886537,"w":-0.6399587392807007},"size":21.276897430419923,"orthographic":false}