{"cameraMode":{"drawMode":0,"name":"Shaded","section":"Shading Mode"},"sceneLighting":false,"audioPlay":false,"sceneViewState":{"showFog":false,"showMaterialUpdate":false,"showSkybox":false,"showFlares":false,"showImageEffects":false,"showParticleSystems":true},"in2DMode":false,"pivot":{"x":-0.1353759765625,"y":1.43017578125,"z":-0.080078125},"rotation":{"x":0.006691282149404287,"y":-0.9997474551200867,"z":-0.0030147433280944826,"w":-0.04327153041958809},"size":4.2477827072143559,"orthographic":true}