{"cameraMode":{"drawMode":0,"name":"Shaded","section":"Shading Mode"},"sceneLighting":false,"audioPlay":false,"sceneViewState":{"showFog":false,"showMaterialUpdate":false,"showSkybox":false,"showFlares":false,"showImageEffects":false,"showParticleSystems":true},"in2DMode":false,"pivot":{"x":0.1309814453125,"y":1.6566543579101563,"z":0.56402587890625},"rotation":{"x":0.12462776899337769,"y":0.7353084087371826,"z":-0.14060907065868379,"w":0.6512598991394043},"size":1.032352328300476,"orthographic":true}