{"cameraMode":{"drawMode":0,"name":"Shaded","section":"Shading Mode"},"sceneLighting":false,"audioPlay":false,"sceneViewState":{"showFog":false,"showMaterialUpdate":false,"showSkybox":false,"showFlares":false,"showImageEffects":false,"showParticleSystems":true},"in2DMode":false,"pivot":{"x":0.36572265625,"y":1.16436767578125,"z":-0.1842041015625},"rotation":{"x":-0.029253436252474786,"y":-0.7095165848731995,"z":0.029284587129950525,"w":-0.7035820484161377},"size":3.5057213306427,"orthographic":true}