{"cameraMode":{"drawMode":0,"name":"Shaded","section":"Shading Mode"},"sceneLighting":false,"audioPlay":false,"sceneViewState":{"showFog":false,"showMaterialUpdate":false,"showSkybox":false,"showFlares":false,"showImageEffects":false,"showParticleSystems":true},"in2DMode":false,"pivot":{"x":2.353768825531006,"y":0.08491706848144531,"z":0.3940660357475281},"rotation":{"x":-0.2123214602470398,"y":-0.6790769100189209,"z":0.21496464312076569,"w":-0.6692116260528565},"size":6.9693074226379398,"orthographic":false}