{"cameraMode":{"drawMode":0,"name":"Shaded","section":"Shading Mode"},"sceneLighting":false,"audioPlay":false,"sceneViewState":{"showFog":false,"showMaterialUpdate":false,"showSkybox":false,"showFlares":false,"showImageEffects":false,"showParticleSystems":true},"in2DMode":false,"pivot":{"x":-4.689597129821777,"y":1.625,"z":13.683833122253418},"rotation":{"x":0.046280913054943088,"y":0.950441837310791,"z":-0.23772379755973817,"w":0.19712142646312715},"size":3.841524600982666,"orthographic":true}