{"cameraMode":{"drawMode":0,"name":"Shaded","section":"Shading Mode"},"sceneLighting":false,"audioPlay":false,"sceneViewState":{"showFog":false,"showMaterialUpdate":false,"showSkybox":false,"showFlares":false,"showImageEffects":false,"showParticleSystems":true},"in2DMode":false,"pivot":{"x":-0.00009012222290039063,"y":0.3574097752571106,"z":0.0},"rotation":{"x":-0.22840215265750886,"y":-0.5291323065757752,"z":0.15409305691719056,"w":-0.8030883073806763},"size":8.970842361450196,"orthographic":true}