{"cameraMode":{"drawMode":0,"name":"Shaded","section":"Shading Mode"},"sceneLighting":false,"audioPlay":false,"sceneViewState":{"showFog":false,"showMaterialUpdate":false,"showSkybox":false,"showFlares":false,"showImageEffects":false,"showParticleSystems":true},"in2DMode":false,"pivot":{"x":7.370759963989258,"y":-6.4023590087890629,"z":8.26710319519043},"rotation":{"x":0.21699105203151704,"y":0.6573472619056702,"z":-0.22129234671592713,"w":0.6881985664367676},"size":18.054872512817384,"orthographic":false}