{"cameraMode":{"drawMode":0,"name":"Shaded","section":"Shading Mode"},"sceneLighting":false,"audioPlay":false,"sceneViewState":{"showFog":false,"showMaterialUpdate":false,"showSkybox":false,"showFlares":false,"showImageEffects":false,"showParticleSystems":true},"in2DMode":false,"pivot":{"x":1.1920928955078126e-7,"y":1.1690000295639039,"z":0.11665797233581543},"rotation":{"x":0.0405455008149147,"y":-0.03515751659870148,"z":-0.0005541650461964309,"w":0.9989123344421387},"size":3.283909797668457,"orthographic":true}