{"cameraMode":{"drawMode":0,"name":"Shaded","section":"Shading Mode"},"sceneLighting":false,"audioPlay":false,"sceneViewState":{"showFog":false,"showMaterialUpdate":false,"showSkybox":false,"showFlares":false,"showImageEffects":false,"showParticleSystems":true},"in2DMode":false,"pivot":{"x":-56.94200134277344,"y":0.9326169490814209,"z":3.799769878387451},"rotation":{"x":-0.2001865953207016,"y":0.797240138053894,"z":-0.3615792393684387,"w":-0.4403700828552246},"size":48.973995208740237,"orthographic":true}