{"cameraMode":{"drawMode":0,"name":"Shaded","section":"Shading Mode"},"sceneLighting":false,"audioPlay":false,"sceneViewState":{"showFog":false,"showMaterialUpdate":false,"showSkybox":false,"showFlares":false,"showImageEffects":false,"showParticleSystems":true},"in2DMode":false,"pivot":{"x":0.15564024448394776,"y":0.016703248023986818,"z":-0.008679628372192383},"rotation":{"x":-0.17020821571350099,"y":0.2803926169872284,"z":-0.05056188255548477,"w":-0.9433586001396179},"size":4.162660598754883,"orthographic":true}