{"cameraMode":{"drawMode":0,"name":"Shaded","section":"Shading Mode"},"sceneLighting":false,"audioPlay":false,"sceneViewState":{"showFog":false,"showMaterialUpdate":false,"showSkybox":false,"showFlares":false,"showImageEffects":false,"showParticleSystems":true},"in2DMode":false,"pivot":{"x":-29.478195190429689,"y":-7.818550109863281,"z":8.114891052246094},"rotation":{"x":0.17896367609500886,"y":-0.5580809712409973,"z":0.12079910188913346,"w":0.8018441200256348},"size":103.00251770019531,"orthographic":false}