{"cameraMode":{"drawMode":0,"name":"Shaded","section":"Shading Mode"},"sceneLighting":false,"audioPlay":false,"sceneViewState":{"showFog":false,"showMaterialUpdate":false,"showSkybox":false,"showFlares":false,"showImageEffects":false,"showParticleSystems":true},"in2DMode":false,"pivot":{"x":0.0688934326171875,"y":2.976529121398926,"z":-0.07875323295593262},"rotation":{"x":-0.149843230843544,"y":0.8011341094970703,"z":-0.22593870759010316,"w":-0.5338688492774963},"size":19.158641815185548,"orthographic":true}