{"cameraMode":{"drawMode":0,"name":"Shaded","section":"Shading Mode"},"sceneLighting":false,"audioPlay":false,"sceneViewState":{"showFog":false,"showMaterialUpdate":false,"showSkybox":false,"showFlares":false,"showImageEffects":false,"showParticleSystems":true},"in2DMode":false,"pivot":{"x":-56.94200134277344,"y":0.9326169490814209,"z":3.799769878387451},"rotation":{"x":-0.07111158221960068,"y":0.7422165274620056,"z":-0.07902954518795014,"w":-0.6619232296943665},"size":74.11995697021485,"orthographic":true}