{"cameraMode":{"drawMode":0,"name":"Shaded","section":"Shading Mode"},"sceneLighting":false,"audioPlay":false,"sceneViewState":{"showFog":false,"showMaterialUpdate":false,"showSkybox":false,"showFlares":false,"showImageEffects":false,"showParticleSystems":true},"in2DMode":false,"pivot":{"x":1.4500000476837159,"y":5.450200080871582,"z":17.639999389648439},"rotation":{"x":0.20201519131660462,"y":0.6499316096305847,"z":-0.1850871443748474,"w":0.7090697884559631},"size":2.8578836917877199,"orthographic":true}