{"cameraMode":{"drawMode":0,"name":"Shaded","section":"Shading Mode"},"sceneLighting":false,"audioPlay":false,"sceneViewState":{"showFog":false,"showMaterialUpdate":false,"showSkybox":false,"showFlares":false,"showImageEffects":false,"showParticleSystems":true},"in2DMode":false,"pivot":{"x":-0.302490234375,"y":0.411376953125,"z":-0.0074462890625},"rotation":{"x":-0.0883130431175232,"y":-0.8198583722114563,"z":0.14009949564933778,"w":-0.5493634343147278},"size":4.234964370727539,"orthographic":true}