{"cameraMode":{"drawMode":0,"name":"Shaded","section":"Shading Mode"},"sceneLighting":false,"audioPlay":false,"sceneViewState":{"showFog":false,"showMaterialUpdate":false,"showSkybox":false,"showFlares":false,"showImageEffects":false,"showParticleSystems":true},"in2DMode":false,"pivot":{"x":0.61016845703125,"y":1.1064453125,"z":-0.341796875},"rotation":{"x":-0.11908315122127533,"y":-0.4357141852378845,"z":0.058136798441410068,"w":-0.8903453350067139},"size":4.389669895172119,"orthographic":true}