{"cameraMode":{"drawMode":0,"name":"Shaded","section":"Shading Mode"},"sceneLighting":false,"audioPlay":false,"sceneViewState":{"showFog":false,"showMaterialUpdate":false,"showSkybox":false,"showFlares":false,"showImageEffects":false,"showParticleSystems":true},"in2DMode":false,"pivot":{"x":-7.05695915222168,"y":1.1460177898406983,"z":6.291646957397461},"rotation":{"x":-0.2634180784225464,"y":-0.36100339889526369,"z":0.11036419868469238,"w":-0.8882277011871338},"size":7.437182426452637,"orthographic":true}