{"cameraMode":{"drawMode":0,"name":"Shaded","section":"Shading Mode"},"sceneLighting":false,"audioPlay":false,"sceneViewState":{"showFog":false,"showMaterialUpdate":false,"showSkybox":false,"showFlares":false,"showImageEffects":false,"showParticleSystems":true},"in2DMode":false,"pivot":{"x":-0.0706787109375,"y":1.26837158203125,"z":0.07135009765625},"rotation":{"x":0.12462776899337769,"y":0.7353084087371826,"z":-0.14060907065868379,"w":0.6512598991394043},"size":1.0788081884384156,"orthographic":true}