{"cameraMode":{"drawMode":0,"name":"Shaded","section":"Shading Mode"},"sceneLighting":true,"audioPlay":false,"sceneViewState":{"showFog":false,"showMaterialUpdate":false,"showSkybox":false,"showFlares":false,"showImageEffects":false,"showParticleSystems":true},"in2DMode":false,"pivot":{"x":300.9087829589844,"y":199.52981567382813,"z":-235.234619140625},"rotation":{"x":-0.29555413126945498,"y":-0.009662454947829247,"z":0.0030824767891317608,"w":-0.9554586410522461},"size":22.0,"orthographic":true}