{"cameraMode":{"drawMode":0,"name":"Shaded","section":"Shading Mode"},"sceneLighting":false,"audioPlay":false,"sceneViewState":{"showFog":false,"showMaterialUpdate":false,"showSkybox":false,"showFlares":false,"showImageEffects":false,"showParticleSystems":true},"in2DMode":false,"pivot":{"x":-0.09560337662696839,"y":4.240787506103516,"z":0.029248664155602456},"rotation":{"x":0.09399471431970597,"y":-0.9025778770446777,"z":0.2527075409889221,"w":0.335644394159317},"size":36.79242706298828,"orthographic":true}