{"cameraMode":{"drawMode":0,"name":"Shaded","section":"Shading Mode"},"sceneLighting":true,"audioPlay":false,"sceneViewState":{"showFog":false,"showMaterialUpdate":false,"showSkybox":false,"showFlares":false,"showImageEffects":false,"showParticleSystems":true},"in2DMode":false,"pivot":{"x":-3.0069589614868166,"y":1.666017770767212,"z":7.721277236938477},"rotation":{"x":0.2930711507797241,"y":-0.1922113597393036,"z":0.05680399015545845,"w":0.9353059530258179},"size":23.5479679107666,"orthographic":true}