{"cameraMode":{"drawMode":0,"name":"Shaded","section":"Shading Mode"},"sceneLighting":true,"audioPlay":false,"sceneViewState":{"showFog":false,"showMaterialUpdate":false,"showSkybox":false,"showFlares":false,"showImageEffects":false,"showParticleSystems":true},"in2DMode":false,"pivot":{"x":24.95279312133789,"y":-21.40276336669922,"z":-23.65699005126953},"rotation":{"x":-0.21355950832366944,"y":-0.688413679599762,"z":0.2285958230495453,"w":-0.655151903629303},"size":63.90415954589844,"orthographic":false}