{"cameraMode":{"drawMode":0,"name":"Shaded","section":"Shading Mode"},"sceneLighting":false,"audioPlay":false,"sceneViewState":{"showFog":false,"showMaterialUpdate":false,"showSkybox":false,"showFlares":false,"showImageEffects":false,"showParticleSystems":true},"in2DMode":false,"pivot":{"x":11.519479751586914,"y":-220.4070587158203,"z":-124.45823669433594},"rotation":{"x":-0.002186096040531993,"y":-0.8664599061012268,"z":0.5001744627952576,"w":-0.010734139010310173},"size":309.043212890625,"orthographic":false}