{"cameraMode":{"drawMode":0,"name":"Shaded","section":"Shading Mode"},"sceneLighting":false,"audioPlay":false,"sceneViewState":{"showFog":false,"showMaterialUpdate":false,"showSkybox":false,"showFlares":false,"showImageEffects":false,"showParticleSystems":true},"in2DMode":false,"pivot":{"x":0.0,"y":-0.25599998235702517,"z":0.11665797233581543},"rotation":{"x":0.17418652772903443,"y":0.4784587323665619,"z":-0.09762546420097351,"w":0.855277955532074},"size":3.0961527824401857,"orthographic":true}