{"cameraMode":{"drawMode":0,"name":"Shaded","section":"Shading Mode"},"sceneLighting":false,"audioPlay":false,"sceneViewState":{"showFog":false,"showMaterialUpdate":false,"showSkybox":false,"showFlares":false,"showImageEffects":false,"showParticleSystems":true},"in2DMode":false,"pivot":{"x":-75.287109375,"y":-1.7166290283203126,"z":18.234619140625},"rotation":{"x":-0.07111158221960068,"y":0.7422165274620056,"z":-0.07902954518795014,"w":-0.6619232296943665},"size":6.590813159942627,"orthographic":true}