{"cameraMode":{"drawMode":0,"name":"Shaded","section":"Shading Mode"},"sceneLighting":false,"audioPlay":false,"sceneViewState":{"showFog":false,"showMaterialUpdate":false,"showSkybox":false,"showFlares":false,"showImageEffects":false,"showParticleSystems":true},"in2DMode":false,"pivot":{"x":-3.314197063446045,"y":0.7871085405349731,"z":7.623600006103516},"rotation":{"x":0.13927851617336274,"y":0.5677603483200073,"z":-0.10560992360115051,"w":0.8050979971885681},"size":3.6978402137756349,"orthographic":true}