{"cameraMode":{"drawMode":0,"name":"Shaded","section":"Shading Mode"},"sceneLighting":false,"audioPlay":false,"sceneViewState":{"showFog":false,"showMaterialUpdate":false,"showSkybox":false,"showFlares":false,"showImageEffects":false,"showParticleSystems":true},"in2DMode":false,"pivot":{"x":0.0,"y":0.010000228881835938,"z":0.1399993896484375},"rotation":{"x":0.044624462723731998,"y":-0.955014705657959,"z":0.19309039413928986,"w":0.22061830759048463},"size":48.966529846191409,"orthographic":true}