{"cameraMode":{"drawMode":0,"name":"Shaded","section":"Shading Mode"},"sceneLighting":false,"audioPlay":false,"sceneViewState":{"showFog":false,"showMaterialUpdate":false,"showSkybox":false,"showFlares":false,"showImageEffects":false,"showParticleSystems":true},"in2DMode":false,"pivot":{"x":-17.806299209594728,"y":1.625,"z":14.904524803161621},"rotation":{"x":0.24488729238510133,"y":-0.057137709110975268,"z":0.010570215061306954,"w":0.9682740569114685},"size":5.424666404724121,"orthographic":true}