{"cameraMode":{"drawMode":0,"name":"Shaded","section":"Shading Mode"},"sceneLighting":false,"audioPlay":false,"sceneViewState":{"showFog":false,"showMaterialUpdate":false,"showSkybox":false,"showFlares":false,"showImageEffects":false,"showParticleSystems":true},"in2DMode":false,"pivot":{"x":-0.000005602836608886719,"y":1.1460167169570923,"z":0.5102146863937378},"rotation":{"x":-0.21823787689208985,"y":0.6505243182182312,"z":-0.18645447492599488,"w":-0.7044165730476379},"size":10.763684272766114,"orthographic":false}