{"cameraMode":{"drawMode":0,"name":"Shaded","section":"Shading Mode"},"sceneLighting":false,"audioPlay":false,"sceneViewState":{"showFog":false,"showMaterialUpdate":false,"showSkybox":false,"showFlares":false,"showImageEffects":false,"showParticleSystems":true},"in2DMode":false,"pivot":{"x":41.806785583496097,"y":-5.5633368492126469,"z":-4.865447044372559},"rotation":{"x":-0.04396534711122513,"y":-0.7425820231437683,"z":0.048361584544181827,"w":-0.6667650938034058},"size":47.60380554199219,"orthographic":false}