{"cameraMode":{"drawMode":0,"name":"Shaded","section":"Shading Mode"},"sceneLighting":false,"audioPlay":false,"sceneViewState":{"showFog":false,"showMaterialUpdate":false,"showSkybox":false,"showFlares":false,"showImageEffects":false,"showParticleSystems":true},"in2DMode":false,"pivot":{"x":-5.785435676574707,"y":1.625,"z":-2.6092910766601564},"rotation":{"x":0.03896688297390938,"y":0.0410170778632164,"z":-0.0014886230928823352,"w":0.9985710382461548},"size":2.538079023361206,"orthographic":true}