{"cameraMode":{"drawMode":0,"name":"Shaded","section":"Shading Mode"},"sceneLighting":false,"audioPlay":false,"sceneViewState":{"showFog":false,"showMaterialUpdate":false,"showSkybox":false,"showFlares":false,"showImageEffects":false,"showParticleSystems":true},"in2DMode":false,"pivot":{"x":-2.89892578125,"y":1.7735595703125,"z":7.233062744140625},"rotation":{"x":-0.17383107542991639,"y":-0.06801135092973709,"z":0.018416505306959153,"w":-0.982821524143219},"size":2.2634809017181398,"orthographic":true}