{"cameraMode":{"drawMode":0,"name":"Shaded","section":"Shading Mode"},"sceneLighting":false,"audioPlay":false,"sceneViewState":{"showFog":false,"showMaterialUpdate":false,"showSkybox":false,"showFlares":false,"showImageEffects":false,"showParticleSystems":true},"in2DMode":false,"pivot":{"x":-3.0001211166381838,"y":0.7827575206756592,"z":6.804946422576904},"rotation":{"x":0.24808336794376374,"y":0.13032656908035279,"z":-0.03566461801528931,"w":0.9597928524017334},"size":3.368884563446045,"orthographic":true}