{"cameraMode":{"drawMode":0,"name":"Shaded","section":"Shading Mode"},"sceneLighting":false,"audioPlay":false,"sceneViewState":{"showFog":false,"showMaterialUpdate":false,"showSkybox":false,"showFlares":false,"showImageEffects":false,"showParticleSystems":true},"in2DMode":false,"pivot":{"x":0.011041641235351563,"y":0.0,"z":0.01586151123046875},"rotation":{"x":0.5790541768074036,"y":0.19996127486228944,"z":-0.15372619032859803,"w":0.7759683132171631},"size":118.98406982421875,"orthographic":false}