{"cameraMode":{"drawMode":0,"name":"Shaded","section":"Shading Mode"},"sceneLighting":false,"audioPlay":false,"sceneViewState":{"showFog":false,"showMaterialUpdate":false,"showSkybox":false,"showFlares":false,"showImageEffects":false,"showParticleSystems":true},"in2DMode":false,"pivot":{"x":0.035829126834869388,"y":1.0889904499053956,"z":1.3344414234161378},"rotation":{"x":0.04561180621385574,"y":-0.5823066830635071,"z":0.02648214064538479,"w":0.8118621110916138},"size":9.058094024658204,"orthographic":true}