{"cameraMode":{"drawMode":0,"name":"Shaded","section":"Shading Mode"},"sceneLighting":false,"audioPlay":false,"sceneViewState":{"showFog":false,"showMaterialUpdate":false,"showSkybox":false,"showFlares":false,"showImageEffects":false,"showParticleSystems":true},"in2DMode":false,"pivot":{"x":0.5021638870239258,"y":-0.42504623532295229,"z":-0.0367501825094223},"rotation":{"x":0.1266416758298874,"y":0.6832341551780701,"z":-0.12457671761512757,"w":0.7089293003082275},"size":1.6451737880706788,"orthographic":false}