{"cameraMode":{"drawMode":0,"name":"Shaded","section":"Shading Mode"},"sceneLighting":true,"audioPlay":false,"sceneViewState":{"showFog":false,"showMaterialUpdate":false,"showSkybox":false,"showFlares":false,"showImageEffects":false,"showParticleSystems":true},"in2DMode":false,"pivot":{"x":-2.3858642578125,"y":5.732421875,"z":5.4443359375},"rotation":{"x":-0.022715823724865915,"y":-0.9359312057495117,"z":0.34603485465049746,"w":-0.06706378608942032},"size":4.315931797027588,"orthographic":true}