{"cameraMode":{"drawMode":0,"name":"Shaded","section":"Shading Mode"},"sceneLighting":false,"audioPlay":false,"sceneViewState":{"showFog":false,"showMaterialUpdate":false,"showSkybox":false,"showFlares":false,"showImageEffects":false,"showParticleSystems":true},"in2DMode":false,"pivot":{"x":-0.6181576251983643,"y":0.01677471399307251,"z":0.18925929069519044},"rotation":{"x":0.004157974850386381,"y":-0.9961162209510803,"z":0.05082181096076965,"w":0.0747610330581665},"size":2.7183916568756105,"orthographic":false}