{"cameraMode":{"drawMode":0,"name":"Shaded","section":"Shading Mode"},"sceneLighting":false,"audioPlay":false,"sceneViewState":{"showFog":false,"showMaterialUpdate":false,"showSkybox":false,"showFlares":false,"showImageEffects":false,"showParticleSystems":true},"in2DMode":false,"pivot":{"x":-0.492249995470047,"y":0.30674999952316286,"z":3.3682174682617189},"rotation":{"x":0.12964455783367158,"y":-0.8412263989448547,"z":0.2314498871564865,"w":0.47112902998924258},"size":11.481683731079102,"orthographic":true}