{"cameraMode":{"drawMode":0,"name":"Shaded","section":"Shading Mode"},"sceneLighting":false,"audioPlay":false,"sceneViewState":{"showFog":false,"showMaterialUpdate":false,"showSkybox":false,"showFlares":false,"showImageEffects":false,"showParticleSystems":true},"in2DMode":false,"pivot":{"x":-0.6943359375,"y":1.57666015625,"z":0.59228515625},"rotation":{"x":0.005126681178808212,"y":0.9085594415664673,"z":-0.015479080379009247,"w":0.4184749722480774},"size":4.867446422576904,"orthographic":true}